Text,truth,pre,pred_raw,input_tokens,output_tokens,total_tokens,runtime,acc,rouge1,rouge2,rougeL
"five-time world champion michelle kwan withdrew from the #### us figure skating championships on wednesday , but will petition us skating officials for the chance to compete at the #### turin olympics .",injury leaves kwan 's olympic hopes in limbo,"assistant
<think>

</think>

Five-time world champion Michelle Kwan withdrew from the U.S. Figure Skating Championships but plans to petition for a spot at the Turin Olympics.","assistant
<think>

</think>

Five-time world champion Michelle Kwan withdrew from the U.S. Figure Skating Championships but plans to petition for a spot at the Turin Olympics.",102,45,147,0.44575804593841895,0.24933150234789514,0.24933150234789514,0.08775163453270597,0.22548630709265782
us business leaders lashed out wednesday at legislation that would penalize companies for employing illegal immigrants .,us business attacks tough immigration law,"ashed out wednesday at legislation that would penalize companies for employing illegal immigrants .

Summary:
assistant
<think>

</think>

US business leaders criticized Wednesday proposed legislation that would penalize companies for hiring illegal immigrants.","ashed out wednesday at legislation that would penalize companies for employing illegal immigrants .

Summary:
assistant
<think>

</think>

US business leaders criticized Wednesday proposed legislation that would penalize companies for hiring illegal immigrants.",83,64,147,0.44575804593841895,0.24933150234789514,0.24933150234789514,0.08775163453270597,0.22548630709265782
general motors corp. said wednesday its us sales fell ##.# percent in december and four percent in #### with the biggest losses coming from passenger car sales .,gm december sales fall ## percent,"from passenger car sales .

Summary:
assistant
<think>

</think>

General Motors reported a decline in U.S. sales of ##.# percent in December and four percent in ####, with passenger car sales accounting for the largest losses.","from passenger car sales .

Summary:
assistant
<think>

</think>

General Motors reported a decline in U.S. sales of ##.# percent in December and four percent in ####, with passenger car sales accounting for the largest losses.",94,53,147,0.44575804593841895,0.24933150234789514,0.24933150234789514,0.08775163453270597,0.22548630709265782
several thousand people gathered on wednesday evening on the main square in zagreb for a public draw and an open air party to celebrate the croatian capital 's second chance to host the women 's slalom world cup .,thousands of croatians celebrate before world cup slalom,"</think>

Thousands gathered in Zagreb on Wednesday evening for a public draw and party to celebrate the city's second chance to host the women's slalom World Cup.","</think>

Thousands gathered in Zagreb on Wednesday evening for a public draw and party to celebrate the city's second chance to host the women's slalom World Cup.",109,38,147,0.44575804593841895,0.24933150234789514,0.24933150234789514,0.08775163453270597,0.22548630709265782
"us first lady laura bush and us secretary of state condoleezza rice will represent the united states later this month at the inauguration of liberia 's president-elect ellen johnson sirleaf , the white house said wednesday .",laura bush UNK rice to attend sirleaf 's inauguration in liberia,"</think>

First Lady Laura Bush and Secretary of State Condoleezza Rice will represent the United States at the inauguration of Liberia's president-elect Ellen Johnson Sirleaf later this month.","</think>

First Lady Laura Bush and Secretary of State Condoleezza Rice will represent the United States at the inauguration of Liberia's president-elect Ellen Johnson Sirleaf later this month.",109,38,147,0.44575804593841895,0.24933150234789514,0.24933150234789514,0.08775163453270597,0.22548630709265782
"jack abramoff , a former lobbyist at the center of a mushrooming political scandal in washington , on wednesday pleaded guilty in a us court in miami to defrauding lenders in a florida gambling boat deal .",top republican lobbyist pleads guilty to florida fraud,"<think>

</think>

Jack Abramoff, a former lobbyist at the center of a political scandal, pleaded guilty in a Miami court to defrauding lenders in a Florida gambling boat deal.","<think>

</think>

Jack Abramoff, a former lobbyist at the center of a political scandal, pleaded guilty in a Miami court to defrauding lenders in a Florida gambling boat deal.",107,40,147,0.44575804593841895,0.24933150234789514,0.24933150234789514,0.08775163453270597,0.22548630709265782
"somalia 's feuding president and parliament speaker have agreed a compromise in a bitter row over the appropriate seat for their fledgling transitional government , a yemeni official said wednesday .",somalia rivals in compromise on seat of government,"assistant
<think>

</think>

Somali President and Parliament Speaker have reached a compromise on seating arrangements for their transitional government, according to a Yemeni official.","assistant
<think>

</think>

Somali President and Parliament Speaker have reached a compromise on seating arrangements for their transitional government, according to a Yemeni official.",102,45,147,0.44575804593841895,0.24933150234789514,0.24933150234789514,0.08775163453270597,0.22548630709265782
"a ##-hour strike by airport workers in portugal planned for friday over job security issues could lead to flight cancellations , union and airport officials said .",portuguese airport workers strike could ground flights on friday,"and airport officials said .

Summary:
assistant
<think>

</think>

Portuguese airport workers are planning a one-hour strike on Friday over job security, which may cause flight cancellations.","and airport officials said .

Summary:
assistant
<think>

</think>

Portuguese airport workers are planning a one-hour strike on Friday over job security, which may cause flight cancellations.",94,53,147,0.44575804593841895,0.24933150234789514,0.24933150234789514,0.08775163453270597,0.22548630709265782
jose mourinho renewed his partnership with portuguese international maniche on wednesday when he completed the loan signing of the ##-year-old midfielder from dynamo moscow .,maniche renews partnership with mourinho,".

Summary:
assistant
<think>

</think>

Jose Mourinho has renewed his partnership with Portuguese international Maniche by completing the loan signing of the midfielder from Dynamo Moscow.",".

Summary:
assistant
<think>

</think>

Jose Mourinho has renewed his partnership with Portuguese international Maniche by completing the loan signing of the midfielder from Dynamo Moscow.",98,49,147,0.44575804593841895,0.24933150234789514,0.24933150234789514,0.08775163453270597,0.22548630709265782
"hollywood is planning a new sequel to adventure flick `` ocean 's eleven , '' with star george clooney set to reprise his role as a charismatic thief in `` ocean 's thirteen , '' the entertainment press said wednesday .",hollywood shores up support for ocean 's thirteen,"Hollywood is planning a new sequel, ""Ocean's Thirteen,"" starring George Clooney, to follow the success of ""Ocean's Eleven.""","Hollywood is planning a new sequel, ""Ocean's Thirteen,"" starring George Clooney, to follow the success of ""Ocean's Eleven.""",111,36,147,0.44575804593841895,0.24933150234789514,0.24933150234789514,0.08775163453270597,0.22548630709265782
"canada advised its nationals wednesday to avoid non-essential travel to nepal , following the resumption of a maoist rebel insurgency in the himalayan kingdom .",canada recommends avoiding travel to nepal,".

Summary:
assistant
<think>

</think>

Canada has advised its nationals to avoid non-essential travel to Nepal due to the resumption of Maoist rebel insurgency.",".

Summary:
assistant
<think>

</think>

Canada has advised its nationals to avoid non-essential travel to Nepal due to the resumption of Maoist rebel insurgency.",98,49,147,0.44575804593841895,0.24933150234789514,0.24933150234789514,0.08775163453270597,0.22548630709265782
"us auto sales will likely be weaker in #### , a senior executive at ford motor company said wednesday .",ford executive sees weaker us auto sales in ####,"weaker in #### , a senior executive at ford motor company said wednesday .

Summary:
assistant
<think>

</think>

A Ford executive predicts weaker U.S. auto sales for the upcoming year.","weaker in #### , a senior executive at ford motor company said wednesday .

Summary:
assistant
<think>

</think>

A Ford executive predicts weaker U.S. auto sales for the upcoming year.",84,63,147,0.44575804593841895,0.24933150234789514,0.24933150234789514,0.08775163453270597,0.22548630709265782
the united states on wednesday welcomed beijing 's early release of a chinese journalist jailed for exposing top-level graft but said it remain concerned over the lack of freedom in the world 's most populous nation .,us welcomes chinese journalist 's release highlights freedom concerns,"assistant
<think>

</think>

The U.S. welcomed China's early release of a journalist jailed for exposing corruption but expressed continued concern over the country's lack of press freedom.","assistant
<think>

</think>

The U.S. welcomed China's early release of a journalist jailed for exposing corruption but expressed continued concern over the country's lack of press freedom.",105,42,147,0.44575804593841895,0.24933150234789514,0.24933150234789514,0.08775163453270597,0.22548630709265782
"two bank workers on wednesday admitted stealing almost ###,### pounds -lrb- ###,### euros -rrb- from the accounts of three former manchester city footballers .",two bankers admit theft from city players,"Summary:
assistant
<think>

</think>

Two bank workers admitted stealing nearly £###,### (€###,###) from the accounts of three former Manchester City footballers on Wednesday.","Summary:
assistant
<think>

</think>

Two bank workers admitted stealing nearly £###,### (€###,###) from the accounts of three former Manchester City footballers on Wednesday.",100,47,147,0.44575804593841895,0.24933150234789514,0.24933150234789514,0.08775163453270597,0.22548630709265782
"israeli prime minister ariel sharon was admitted to hospital early for a planned heart procedure after feeling unwell wednesday evening , his office said .",unwell sharon admitted to hospital early,", his office said .

Summary:
assistant
<think>

</think>

Israeli Prime Minister Ariel Sharon was admitted to the hospital for a planned heart procedure after feeling unwell.",", his office said .

Summary:
assistant
<think>

</think>

Israeli Prime Minister Ariel Sharon was admitted to the hospital for a planned heart procedure after feeling unwell.",94,53,147,0.44575804593841895,0.24933150234789514,0.24933150234789514,0.08775163453270597,0.22548630709265782
"sales of hybrid UNK vehicles in the united states should more than triple over the next seven years , a leading research firm said wednesday .",us hybrid vehicle sales expect to more than triple in seven years,"a leading research firm said wednesday .

Summary:
assistant
<think>

</think>

A leading research firm predicts that hybrid vehicle sales in the U.S. will more than triple over the next seven years.","a leading research firm said wednesday .

Summary:
assistant
<think>

</think>

A leading research firm predicts that hybrid vehicle sales in the U.S. will more than triple over the next seven years.",91,56,147,0.44575804593841895,0.24933150234789514,0.24933150234789514,0.08775163453270597,0.22548630709265782
the los angeles dodgers acquired south korean right-hander jae seo from the new york mets on wednesday in a four-player swap .,korea 's seo headed to dodgers from mets,"on wednesday in a four-player swap .

Summary:
assistant
<think>

</think>

The Los Angeles Dodgers acquired South Korean right-hander Jae Seo from the New York Mets in a four-player trade on Wednesday.","on wednesday in a four-player swap .

Summary:
assistant
<think>

</think>

The Los Angeles Dodgers acquired South Korean right-hander Jae Seo from the New York Mets in a four-player trade on Wednesday.",93,66,159,0.5536256546256482,0.24933150234789514,0.24933150234789514,0.08775163453270597,0.22548630709265782
"teenage hollywood starlet lindsay lohan , who was rushed to hospital this week after suffering an asthma attack , has admitted fighting a fierce battle with the eating disorder bulimia .",hollywood starlet lindsay lohan admits bulimia battle,"imia .

Summary:
assistant
<think>

</think>

Lindsay Lohan, a teenage Hollywood starlet hospitalized for an asthma attack, has admitted to struggling with bulimia.","imia .

Summary:
assistant
<think>

</think>

Lindsay Lohan, a teenage Hollywood starlet hospitalized for an asthma attack, has admitted to struggling with bulimia.",100,59,159,0.5536256546256482,0.24933150234789514,0.24933150234789514,0.08775163453270597,0.22548630709265782
"the white house vigorously rejected wednesday suggestions that us soldiers in iraq do not hesitate to fire on civilians , after a bombing killed eight iraqi non-combatants , including two children .",us insists soldiers act with restraint to protect civilians,"Summary:
assistant
<think>

</think>

The White House firmly rejected claims that U.S. soldiers in Iraq hesitate to fire on civilians following a bombing that killed eight Iraqi non-combatants, including two children.","Summary:
assistant
<think>

</think>

The White House firmly rejected claims that U.S. soldiers in Iraq hesitate to fire on civilians following a bombing that killed eight Iraqi non-combatants, including two children.",102,57,159,0.5536256546256482,0.24933150234789514,0.24933150234789514,0.08775163453270597,0.22548630709265782
"the us special envoy to multilateral talks aimed at ending north korea 's nuclear weapons drive has quit , the state department said wednesday amid reported divisions within the administration over the nuclear issue .",us special envoy to korean nuclear talks quits,"Summary:
assistant
<think>

</think>

The U.S. Special Envoy to multilateral talks on North Korea's nuclear program resigned Wednesday, reportedly due to divisions within the administration regarding the issue.","Summary:
assistant
<think>

</think>

The U.S. Special Envoy to multilateral talks on North Korea's nuclear program resigned Wednesday, reportedly due to divisions within the administration regarding the issue.",102,57,159,0.5536256546256482,0.24933150234789514,0.24933150234789514,0.08775163453270597,0.22548630709265782
"at least two people have tested positive for the bird flu virus in eastern turkey , health minister recep akdag told a news conference wednesday .",two test positive for bird flu virus in turkey,"minister recep akdag told a news conference wednesday .

Summary:
assistant
<think>

</think>

Health Minister Recep Akdag confirmed that at least two people in eastern Turkey have tested positive for bird flu.","minister recep akdag told a news conference wednesday .

Summary:
assistant
<think>

</think>

Health Minister Recep Akdag confirmed that at least two people in eastern Turkey have tested positive for bird flu.",91,68,159,0.5536256546256482,0.24933150234789514,0.24933150234789514,0.08775163453270597,0.22548630709265782
"britain 's un envoy on wednesday urged stronger international support , including greater eu funding , for the african union -lrb- au -rrb- peacekeeping mission in sudan 's troubled darfur region to improve security on the ground .",britain urges stronger international support for au in darfur,Britain's UN envoy called for increased EU funding and stronger international support to enhance the African Union's peacekeeping mission in Sudan's Darfur region.,Britain's UN envoy called for increased EU funding and stronger international support to enhance the African Union's peacekeeping mission in Sudan's Darfur region.,114,45,159,0.5536256546256482,0.24933150234789514,0.24933150234789514,0.08775163453270597,0.22548630709265782
"australian foreign minister alexander downer called wednesday for the reform of the un security council and expressed support for brazil , india , japan and an african country to join the council .",australia backs brazil others for un security council,".

Summary:
assistant
<think>

</think>

Australian Foreign Minister Alexander Downer called for UN Security Council reform and supported the inclusion of Brazil, India, Japan, and an African nation.",".

Summary:
assistant
<think>

</think>

Australian Foreign Minister Alexander Downer called for UN Security Council reform and supported the inclusion of Brazil, India, Japan, and an African nation.",101,58,159,0.5536256546256482,0.24933150234789514,0.24933150234789514,0.08775163453270597,0.22548630709265782
"two egyptian border guards were killed wednesday in clashes with palestinian militants near the rafah crossing on the border with gaza , a medical source said .",two egyptian guards killed on border with gaza,", a medical source said .

Summary:
assistant
<think>

</think>

Two Egyptian border guards were killed in clashes with Palestinian militants near the Rafah crossing on Wednesday.",", a medical source said .

Summary:
assistant
<think>

</think>

Two Egyptian border guards were killed in clashes with Palestinian militants near the Rafah crossing on Wednesday.",96,63,159,0.5536256546256482,0.24933150234789514,0.24933150234789514,0.08775163453270597,0.22548630709265782
"stephen harper and his conservative party pulled ahead of prime minister paul martin 's liberals wednesday , weeks before canada 's federal election on january ## , according to the latest poll .",conservatives gain momentum ahead of ruling liberals,"Summary:
assistant
<think>

</think>

A recent poll indicates that Stephen Harper's Conservative Party has taken the lead over Prime Minister Paul Martin's Liberals ahead of Canada's upcoming federal election.","Summary:
assistant
<think>

</think>

A recent poll indicates that Stephen Harper's Conservative Party has taken the lead over Prime Minister Paul Martin's Liberals ahead of Canada's upcoming federal election.",102,57,159,0.5536256546256482,0.24933150234789514,0.24933150234789514,0.08775163453270597,0.22548630709265782
dutch bank abn amro was hit wednesday with its second us fine in two months after settling a government probe into its mortgage lending in the industrial state of michigan .,abn amro hit with second us fine,"michigan .

Summary:
assistant
<think>

</think>

ABN AMRO, a Dutch bank, received its second US fine in two months after settling a government investigation into its mortgage lending practices in Michigan.","michigan .

Summary:
assistant
<think>

</think>

ABN AMRO, a Dutch bank, received its second US fine in two months after settling a government investigation into its mortgage lending practices in Michigan.",99,60,159,0.5536256546256482,0.24933150234789514,0.24933150234789514,0.08775163453270597,0.22548630709265782
"the buffalo bills sacked tom donahoe as president and general manager on wednesday , fulfilling expectations of a shake-up after another failure to make the national football league playoffs .",nfl 's bills shake up front office,"national football league playoffs .

Summary:
assistant
<think>

</think>

The Buffalo Bills fired president and general manager Tom Donahoe on Wednesday following another playoff miss.","national football league playoffs .

Summary:
assistant
<think>

</think>

The Buffalo Bills fired president and general manager Tom Donahoe on Wednesday following another playoff miss.",97,62,159,0.5536256546256482,0.24933150234789514,0.24933150234789514,0.08775163453270597,0.22548630709265782
tottenham sealed a miserable festive period for a toothless manchester city here wednesday with a #-# win thanks to goals from their confident striking duo of ahmed mido and robbie keane .,spurs compound manchester city woes,":
assistant
<think>

</think>

Tottenham defeated a struggling Manchester City 2-0 on Wednesday with goals from Ahmed Mido and Robbie Keane, marking a dismal festive period for the visitors.",":
assistant
<think>

</think>

Tottenham defeated a struggling Manchester City 2-0 on Wednesday with goals from Ahmed Mido and Robbie Keane, marking a dismal festive period for the visitors.",104,55,159,0.5536256546256482,0.24933150234789514,0.24933150234789514,0.08775163453270597,0.22548630709265782
"the dollar fell to a two-month low against the euro wednesday on expectations that us interest rates will soon stop going up , depriving the greenback of its biggest investment appeal .",us rate outlook sends dollar to two-month low against euro,"investment appeal .

Summary:
assistant
<think>

</think>

The dollar dropped to a two-month low against the euro on Wednesday, as expectations that U.S. interest rate hikes are ending reduced the currency's investment appeal.","investment appeal .

Summary:
assistant
<think>

</think>

The dollar dropped to a two-month low against the euro on Wednesday, as expectations that U.S. interest rate hikes are ending reduced the currency's investment appeal.",99,60,159,0.5536256546256482,0.24933150234789514,0.24933150234789514,0.08775163453270597,0.22548630709265782
"two top us movie groups picked their #### awards nominees wednesday , with gay drama `` brokeback mountain , '' george clooney 's `` good night and good '' luck and `` crash '' taking early leads in the oscars race .",top us movie groups pick awards nominees as oscars loom,"</think>

Two major US film groups announced their award nominees on Wednesday, with ""Brokeback Mountain,"" George Clooney's ""Good Night, and Good Luck,"" and ""Crash"" leading the early Oscar race.","</think>

Two major US film groups announced their award nominees on Wednesday, with ""Brokeback Mountain,"" George Clooney's ""Good Night, and Good Luck,"" and ""Crash"" leading the early Oscar race.",111,48,159,0.5536256546256482,0.24933150234789514,0.24933150234789514,0.08775163453270597,0.22548630709265782
"right fielder jeromy burnitz inked a one-year , #.# million-dollar contract with the pittsburgh pirates on wednesday , a week after he was reported as close to a deal with baltimore .",pirates ink outfielder burnitz to one-year deal,"assistant
<think>

</think>

Jeromy Burnitz signed a one-year, $1.5 million contract with the Pittsburgh Pirates on Wednesday, following reports of a potential deal with Baltimore.","assistant
<think>

</think>

Jeromy Burnitz signed a one-year, $1.5 million contract with the Pittsburgh Pirates on Wednesday, following reports of a potential deal with Baltimore.",105,54,159,0.5536256546256482,0.24933150234789514,0.24933150234789514,0.08775163453270597,0.22548630709265782
us president george w. bush said late wednesday that he and the first lady shared `` the concerns of the israeli people about prime minister ariel sharon 's health '' and were praying for his recovery .,bush says he shares israelis concern over sharon,"assistant
<think>

</think>

President George W. Bush and the First Lady expressed concern for Israeli Prime Minister Ariel Sharon's health and prayed for his recovery.","assistant
<think>

</think>

President George W. Bush and the First Lady expressed concern for Israeli Prime Minister Ariel Sharon's health and prayed for his recovery.",107,52,159,0.5536256546256482,0.24933150234789514,0.24933150234789514,0.08775163453270597,0.22548630709265782
"the prime minister of burkina faso , UNK ernest yonli , has handed in his resignation to president blaise compaore , the president 's office announced wednesday .",burkina faso 's prime minister resigns,Burkina Faso Prime Minister Ernest Yonli has resigned to President Blaise Compaore.,Burkina Faso Prime Minister Ernest Yonli has resigned to President Blaise Compaore.,102,32,134,0.37824323724998976,0.24933150234789514,0.24933150234789514,0.08775163453270597,0.22548630709265782
"a top hollywood event promoter is seeking a court order to stop socialite and hotel heiress paris hilton from allegedly harassing him and threatening his life , court documents showed wednesday .",man seeks stay-away order against paris hilton,"</think>

A top Hollywood event promoter is seeking a court order to stop Paris Hilton from allegedly harassing him and threatening his life.","</think>

A top Hollywood event promoter is seeking a court order to stop Paris Hilton from allegedly harassing him and threatening his life.",100,34,134,0.37824323724998976,0.24933150234789514,0.24933150234789514,0.08775163453270597,0.22548630709265782
"the un security council will hold a ministerial session on the situation in africa 's great lakes region late this month , UNK 's un envoy augustine UNK said wednesday .",security council to hold ministerial session on africa 's great lakes,"</think>

The UN Security Council will hold a ministerial session on the situation in Africa's Great Lakes region later this month.","</think>

The UN Security Council will hold a ministerial session on the situation in Africa's Great Lakes region later this month.",101,33,134,0.37824323724998976,0.24933150234789514,0.24933150234789514,0.08775163453270597,0.22548630709265782
political leaders in israel united in prayers for ariel sharon on thursday as the prime minister underwent emergency surgery after suffering a massive stroke .,israeli leaders unite in prayer for ailing sharon,"Summary:
assistant
<think>

</think>

Israeli political leaders united in prayers for Prime Minister Ariel Sharon on Thursday following emergency surgery after he suffered a massive stroke.","Summary:
assistant
<think>

</think>

Israeli political leaders united in prayers for Prime Minister Ariel Sharon on Thursday following emergency surgery after he suffered a massive stroke.",91,43,134,0.37824323724998976,0.24933150234789514,0.24933150234789514,0.08775163453270597,0.22548630709265782
israeli prime minister ariel sharon was undergoing an emergency operation thursday after suffering a massive stroke .,timeline of sharon era,"after suffering a massive stroke .

Summary:
assistant
<think>

</think>

Israeli Prime Minister Ariel Sharon underwent emergency surgery after suffering a massive stroke.","after suffering a massive stroke .

Summary:
assistant
<think>

</think>

Israeli Prime Minister Ariel Sharon underwent emergency surgery after suffering a massive stroke.",85,49,134,0.37824323724998976,0.24933150234789514,0.24933150234789514,0.08775163453270597,0.22548630709265782
human trafficking victims could be spared deportation from britain and get automatic permission to stay under government proposals revealed thursday .,human trafficking victims could get right to remain in britain,"proposals revealed thursday .

Summary:
assistant
<think>

</think>

New government proposals would allow human trafficking victims in Britain to avoid deportation and receive automatic permission to stay.","proposals revealed thursday .

Summary:
assistant
<think>

</think>

New government proposals would allow human trafficking victims in Britain to avoid deportation and receive automatic permission to stay.",86,48,134,0.37824323724998976,0.24933150234789514,0.24933150234789514,0.08775163453270597,0.22548630709265782
world number two rafael nadal is in doubt for this month 's australian open after withdrawing on thursday from next week 's lead-up sydney international tournament .,nadal pulls out of sydney international,"assistant
<think>

</think>

Rafael Nadal is in doubt for the Australian Open after withdrawing from the Sydney International tournament.","assistant
<think>

</think>

Rafael Nadal is in doubt for the Australian Open after withdrawing from the Sydney International tournament.",97,37,134,0.37824323724998976,0.24933150234789514,0.24933150234789514,0.08775163453270597,0.22548630709265782
"four-time all-star alexander mogilny was waived by new jersey on wednesday , one day after the devils welcomed back czech forward patrik elias .",mogilny odd man out as devils welcome back elias,"assistant
<think>

</think>

The New Jersey Devils waived four-time All-Star Alexander Mogilny on Wednesday, the day after re-signing Czech forward Patrik Elias.","assistant
<think>

</think>

The New Jersey Devils waived four-time All-Star Alexander Mogilny on Wednesday, the day after re-signing Czech forward Patrik Elias.",97,37,134,0.37824323724998976,0.24933150234789514,0.24933150234789514,0.08775163453270597,0.22548630709265782
"finance minister ehud olmert will chair an emergency meeting of the israeli cabinet on thursday after prime minister ariel sharon suffered a massive stroke , public television reported .",olmert to chair emergency israel cabinet meet,"<think>

</think>

Finance Minister Ehud Olmert will chair an emergency Israeli cabinet meeting on Thursday following Prime Minister Ariel Sharon's massive stroke.","<think>

</think>

Finance Minister Ehud Olmert will chair an emergency Israeli cabinet meeting on Thursday following Prime Minister Ariel Sharon's massive stroke.",98,36,134,0.37824323724998976,0.24933150234789514,0.24933150234789514,0.08775163453270597,0.22548630709265782
"hollywood actor nick nolte has successfully completed three years of probation imposed for driving under the influence of drugs , a judge ruled on wednesday .",us actor nick nolte ends UNK,":
assistant
<think>

</think>

A judge ruled that actor Nick Nolte has successfully completed his three-year probation for driving under the influence of drugs.",":
assistant
<think>

</think>

A judge ruled that actor Nick Nolte has successfully completed his three-year probation for driving under the influence of drugs.",93,41,134,0.37824323724998976,0.24933150234789514,0.24933150234789514,0.08775163453270597,0.22548630709265782
"south korea 's consumer confidence topped the benchmark ###-point level for the first time in eight months in december , reflecting the country 's solid economic recovery , official data showed thursday .",skorea 's consumer confidence tops benchmark ###,"South Korea's consumer confidence reached a benchmark high in December for the first time in eight months, signaling a solid economic recovery.","South Korea's consumer confidence reached a benchmark high in December for the first time in eight months, signaling a solid economic recovery.",102,32,134,0.37824323724998976,0.24933150234789514,0.24933150234789514,0.08775163453270597,0.22548630709265782
"hollywood star charlie sheen and actress denise richards have scrapped efforts to reconcile their differences and have decided to push ahead with a divorce , court documents showed wednesday .",denise richards charlie sheen push ahead with divorce,"</think>

Charlie Sheen and Denise Richards have decided to proceed with their divorce after abandoning reconciliation efforts, according to court documents.","</think>

Charlie Sheen and Denise Richards have decided to proceed with their divorce after abandoning reconciliation efforts, according to court documents.",100,34,134,0.37824323724998976,0.24933150234789514,0.24933150234789514,0.08775163453270597,0.22548630709265782
"hong kong gold prices opened higher thursday at ###.##-### .## us dollars an ounce , compared to wednesday 's close of ###.##-### .## dollars an ounce .",hong kong gold opens higher,Hong Kong gold prices opened higher on Thursday compared to Wednesday's close.,Hong Kong gold prices opened higher on Thursday compared to Wednesday's close.,103,31,134,0.37824323724998976,0.24933150234789514,0.24933150234789514,0.08775163453270597,0.22548630709265782
"japanese share prices rose #.## percent in morning trade thursday to hit the highest level in more than five years as fresh gains on wall street fanned upbeat investor sentiment here , dealers said .",tokyo shares rise #.## percent in morning trade,Japanese share prices rose to a five-year high on Thursday amid positive investor sentiment fueled by Wall Street gains.,Japanese share prices rose to a five-year high on Thursday amid positive investor sentiment fueled by Wall Street gains.,103,31,134,0.37824323724998976,0.24933150234789514,0.24933150234789514,0.08775163453270597,0.22548630709265782
a top police officer appealed thursday to supermodel kate moss to return to britain and face arrest amid allegations of UNK .,british police seek to arrest moss amid cocaine inquiry,".

Summary:
assistant
<think>

</think>

A top police officer urged supermodel Kate Moss to return to Britain to face arrest on Thursday amid unspecified allegations.",".

Summary:
assistant
<think>

</think>

A top police officer urged supermodel Kate Moss to return to Britain to face arrest on Thursday amid unspecified allegations.",90,44,134,0.37824323724998976,0.24933150234789514,0.24933150234789514,0.08775163453270597,0.22548630709265782
the cerebral hemorrhage suffered by israeli prime minister ariel sharon occurs when a defective artery in the brain bursts : it is among the deadliest of the major types of stroke .,key facts about hemorrhagic stroke,"<think>

</think>

Israeli Prime Minister Ariel Sharon suffered a cerebral hemorrhage, a fatal type of stroke caused by a burst defective artery in the brain.","<think>

</think>

Israeli Prime Minister Ariel Sharon suffered a cerebral hemorrhage, a fatal type of stroke caused by a burst defective artery in the brain.",99,35,134,0.37824323724998976,0.24933150234789514,0.24933150234789514,0.08775163453270597,0.22548630709265782
"hong kong share prices opened #.## percent higher thursday on follow-through interest in properties after wednesday 's sharp gains on abating interest rate worries , dealers said .",hong kong shares open higher as rate worries ease,"Summary:
assistant
<think>

</think>

Hong Kong share prices rose on Thursday as follow-through buying in the property sector continued Wednesday's gains driven by easing interest rate concerns.","Summary:
assistant
<think>

</think>

Hong Kong share prices rose on Thursday as follow-through buying in the property sector continued Wednesday's gains driven by easing interest rate concerns.",98,48,146,0.4412253762493492,0.24933150234789514,0.24933150234789514,0.08775163453270597,0.22548630709265782
"trade between south korea and its communist neighbor north korea doubled last year , totalling more than one billion dollars for the first time , official data showed .",inter-korean trade doubles to one billion dollars in ####,"data showed .

Summary:
assistant
<think>

</think>

Trade between South Korea and North Korea doubled last year, exceeding $1 billion for the first time.","data showed .

Summary:
assistant
<think>

</think>

Trade between South Korea and North Korea doubled last year, exceeding $1 billion for the first time.",95,51,146,0.4412253762493492,0.24933150234789514,0.24933150234789514,0.08775163453270597,0.22548630709265782
"two new vaccines have been shown effective against rotavirus , which is responsible for a half-million infant deaths in poor countries each year , research studies published wednesday said .",new vaccines for key UNK virus shown effective,"said .

Summary:
assistant
<think>

</think>

Research published Wednesday indicates that two new vaccines are effective against rotavirus, a disease causing approximately 500,000 infant deaths annually in developing countries.","said .

Summary:
assistant
<think>

</think>

Research published Wednesday indicates that two new vaccines are effective against rotavirus, a disease causing approximately 500,000 infant deaths annually in developing countries.",96,50,146,0.4412253762493492,0.24933150234789514,0.24933150234789514,0.08775163453270597,0.22548630709265782
"china has begun a push to promote small , low-emission cars as oil prices remain high and environmental concerns grow over the nation 's fast-rising auto culture , state press reported thursday .",china pushes smaller cars as environmental concerns grow,"assistant
<think>

</think>

China is promoting small, low-emission vehicles in response to high oil prices and growing environmental concerns related to its rapidly expanding auto industry.","assistant
<think>

</think>

China is promoting small, low-emission vehicles in response to high oil prices and growing environmental concerns related to its rapidly expanding auto industry.",102,44,146,0.4412253762493492,0.24933150234789514,0.24933150234789514,0.08775163453270597,0.22548630709265782
israeli prime minister ariel sharon was fighting for his life thursday after suffering a massive stroke .,major events in sharon 's life,"was fighting for his life thursday after suffering a massive stroke .

Summary:
assistant
<think>

</think>

Israeli Prime Minister Ariel Sharon suffered a massive stroke and was fighting for his life on Thursday.","was fighting for his life thursday after suffering a massive stroke .

Summary:
assistant
<think>

</think>

Israeli Prime Minister Ariel Sharon suffered a massive stroke and was fighting for his life on Thursday.",85,61,146,0.4412253762493492,0.24933150234789514,0.24933150234789514,0.08775163453270597,0.22548630709265782
"the dollar regained some lost ground in asian trade thursday in what was seen as a largely technical rebound after weakness prompted by expectations of a shift in us interest rate policy , dealers said .",dollar regains ground in asian trade,":
assistant
<think>

</think>

The dollar recovered some losses in Asian trade on Thursday, marking a technical rebound following earlier weakness driven by expectations of a shift in U.S. interest rate policy.",":
assistant
<think>

</think>

The dollar recovered some losses in Asian trade on Thursday, marking a technical rebound following earlier weakness driven by expectations of a shift in U.S. interest rate policy.",100,46,146,0.4412253762493492,0.24933150234789514,0.24933150234789514,0.08775163453270597,0.22548630709265782
"a ##-million-dollar lawsuit filed by superstar michael jackson against a us businessman over ownership of a bounty of jackson family memorabilia has been tossed out of court , documents showed wednesday .",judge tosses out michael jackson 's memorabilia lawsuit,"assistant
<think>

</think>

A $1 million lawsuit filed by Michael Jackson against a businessman over the ownership of family memorabilia was dismissed in court.","assistant
<think>

</think>

A $1 million lawsuit filed by Michael Jackson against a businessman over the ownership of family memorabilia was dismissed in court.",102,44,146,0.4412253762493492,0.24933150234789514,0.24933150234789514,0.08775163453270597,0.22548630709265782
us president george w. bush defied congress again wednesday as he placed a slew of controversial political allies in key defense and foreign policy posts in his administration by circumventing the requisite approval process in the senate .,bush defies congress names defense foreign policy posts,"<think>

</think>

President George W. Bush bypassed Senate approval to appoint controversial allies to key defense and foreign policy positions, defying Congress.","<think>

</think>

President George W. Bush bypassed Senate approval to appoint controversial allies to key defense and foreign policy positions, defying Congress.",106,40,146,0.4412253762493492,0.24933150234789514,0.24933150234789514,0.08775163453270597,0.22548630709265782
"oil prices were slightly easier in asian trade thursday , marking time ahead of key us stockpile figures and after resolution of the russia-ukraine gas pricing dispute , dealers said .",oil prices were easier in asian trade,":
assistant
<think>

</think>

Oil prices eased slightly in Asian trade on Thursday ahead of key US stockpile data and following the resolution of the Russia-Ukraine gas pricing dispute.",":
assistant
<think>

</think>

Oil prices eased slightly in Asian trade on Thursday ahead of key US stockpile data and following the resolution of the Russia-Ukraine gas pricing dispute.",100,46,146,0.4412253762493492,0.24933150234789514,0.24933150234789514,0.08775163453270597,0.22548630709265782
"us veteran and eight-time grand slam winner andre agassi has withdrawn from this month 's australian open due to a nagging ankle injury , his management team announced thursday .",agassi withdraws from australian open,"Summary:
assistant
<think>

</think>

Andre Agassi withdrew from the Australian Open due to a nagging ankle injury.","Summary:
assistant
<think>

</think>

Andre Agassi withdrew from the Australian Open due to a nagging ankle injury.",99,47,146,0.4412253762493492,0.24933150234789514,0.24933150234789514,0.08775163453270597,0.22548630709265782
"japanese share prices rose #.## percent in morning trade thursday to hit their highest level in more than five years as fresh gains on wall street fanned upbeat investor sentiment , dealers said .",tokyo shares rise #.## percent in morning trade,"assistant
<think>

</think>

Japanese share prices rose to their highest level in over five years on Thursday, driven by Wall Street gains and improved investor sentiment.","assistant
<think>

</think>

Japanese share prices rose to their highest level in over five years on Thursday, driven by Wall Street gains and improved investor sentiment.",102,44,146,0.4412253762493492,0.24933150234789514,0.24933150234789514,0.08775163453270597,0.22548630709265782
"a securities firm in tokyo said thursday that one of its traders had mistakenly bought #,### times more shares in a company than intended in the latest botched trade to hit asia 's largest bourse .",another botched trade on tokyo stock market,"</think>

A Tokyo securities firm reported that a trader accidentally purchased thousands of times more shares than intended, marking the latest trading error to affect Asia's largest stock exchange.","</think>

A Tokyo securities firm reported that a trader accidentally purchased thousands of times more shares than intended, marking the latest trading error to affect Asia's largest stock exchange.",107,39,146,0.4412253762493492,0.24933150234789514,0.24933150234789514,0.08775163453270597,0.22548630709265782
"researchers in australia said thursday they had grown new breasts in mice after discovering the stem cell responsible for UNK tissue , a find which could pave the way for new treatments for breast cancer .",scientists locate stem cell which may hold secrets of breast cancer,"assistant
<think>

</think>

Australian researchers discovered the stem cell responsible for breast tissue, enabling them to grow new breasts in mice and potentially paving the way for new breast cancer treatments.","assistant
<think>

</think>

Australian researchers discovered the stem cell responsible for breast tissue, enabling them to grow new breasts in mice and potentially paving the way for new breast cancer treatments.",102,44,146,0.4412253762493492,0.24933150234789514,0.24933150234789514,0.08775163453270597,0.22548630709265782
"doctors are at the final stages of an operation on israeli prime minister ariel sharon to remove blood from his brain following a massive stroke , a hospital spokesman said thursday .",doctors at final stages of sharon surgery,":
assistant
<think>

</think>

Doctors are nearing the completion of an operation to remove blood from Israeli Prime Minister Ariel Sharon's brain following a massive stroke.",":
assistant
<think>

</think>

Doctors are nearing the completion of an operation to remove blood from Israeli Prime Minister Ariel Sharon's brain following a massive stroke.",100,46,146,0.4412253762493492,0.24933150234789514,0.24933150234789514,0.08775163453270597,0.22548630709265782
"the world 's largest chipmaker intel has asked the vietnamese government for a license to build a chip plant worth ### million dollars in southern ho chi minh city , a government official said thursday .",intel to invest ### mln dlr in chip plant in vietnam,"assistant
<think>

</think>

Intel has requested a license from the Vietnamese government to construct a $### million chip plant in southern Ho Chi Minh City.","assistant
<think>

</think>

Intel has requested a license from the Vietnamese government to construct a $### million chip plant in southern Ho Chi Minh City.",103,43,146,0.4412253762493492,0.24933150234789514,0.24933150234789514,0.08775163453270597,0.22548630709265782
"an intrepid british oarsman 's bid to row round antarctica ended after just ## kilometres -lrb- ## miles -rrb- when he unexpectedly collided with the falkland islands , british newspapers reported thursday .",british UNK UNK crashes after ## km,A British oarsman's attempt to row around Antarctica ended prematurely after he unexpectedly collided with the Falkland Islands.,A British oarsman's attempt to row around Antarctica ended prematurely after he unexpectedly collided with the Falkland Islands.,110,36,146,0.4412253762493492,0.24933150234789514,0.24933150234789514,0.08775163453270597,0.22548630709265782
"malaysian experts say they may have discovered a new species of UNK , the world 's largest flower which is famous for its putrid smell , according to a report thursday .",malaysia probes possible new species of world 's largest flower,"<think>

</think>

Malaysian experts may have discovered a new species of the world's largest flower, known for its foul odor.","<think>

</think>

Malaysian experts may have discovered a new species of the world's largest flower, known for its foul odor.",101,44,145,0.48527706824825145,0.24933150234789514,0.24933150234789514,0.08775163453270597,0.22548630709265782
"india , rather than china , is viewed as the sleeping giant of the golf world with huge scope for development , asian tour chief executive louis martin said .",india more than china seen as sleeping giant of golf world,"Summary:
assistant
<think>

</think>

Louis Martin, chief executive of the Asian Tour, stated that India is seen as the ""sleeping giant"" of the golf world with significant potential for development, rather than China.","Summary:
assistant
<think>

</think>

Louis Martin, chief executive of the Asian Tour, stated that India is seen as the ""sleeping giant"" of the golf world with significant potential for development, rather than China.",94,51,145,0.48527706824825145,0.24933150234789514,0.24933150234789514,0.08775163453270597,0.22548630709265782
"police in one of china 's major cities are up in arms over a new order to disclose many details of their private lives as part of efforts to fight corruption , state press reported thursday .",chinese police angry over new privacy laws,"</think>

Chinese police in a major city are protesting a new order requiring them to disclose personal details as part of anti-corruption efforts.","</think>

Chinese police in a major city are protesting a new order requiring them to disclose personal details as part of anti-corruption efforts.",103,42,145,0.48527706824825145,0.24933150234789514,0.24933150234789514,0.08775163453270597,0.22548630709265782
veteran nick faldo is hoping that some of his legendary matchplay expertise rubs off on several of his UNK european teammates as they battle asia in the first royal trophy this weekend .,matchplay maestro faldo comes in from the cold for royal trophy,"</think>

Veteran Nick Faldo hopes to share his matchplay expertise with his European teammates as they face Asia in the first Royal Trophy this weekend.","</think>

Veteran Nick Faldo hopes to share his matchplay expertise with his European teammates as they face Asia in the first Royal Trophy this weekend.",102,43,145,0.48527706824825145,0.24933150234789514,0.24933150234789514,0.08775163453270597,0.22548630709265782
"four-time australian open champion andre agassi succumbed to a long-standing ankle injury and officially withdrew from the first grand slam event of the year , his management company said thursday .",agassi pulls out of australian open nadal in doubt,"<think>

</think>

Andre Agassi officially withdrew from the first Grand Slam of the year due to a long-standing ankle injury.","<think>

</think>

Andre Agassi officially withdrew from the first Grand Slam of the year due to a long-standing ankle injury.",100,45,145,0.48527706824825145,0.24933150234789514,0.24933150234789514,0.08775163453270597,0.22548630709265782
"israeli prime minister ariel sharon will remain in the operating theater for several more hours and is in a `` serious situation '' after suffering a massive stroke , a hospital spokesman said thursday .",sharon to remain in surgery for several hours,"</think>

Israeli Prime Minister Ariel Sharon remains in a serious condition in the operating theater following a massive stroke.","</think>

Israeli Prime Minister Ariel Sharon remains in a serious condition in the operating theater following a massive stroke.",103,42,145,0.48527706824825145,0.24933150234789514,0.24933150234789514,0.08775163453270597,0.22548630709265782
"devastating blizzards have forced the evacuation of ##,### people in a largely muslim region of western china , a government official said thursday .","blizzards force evacuation of ##,### people in muslim part of china","Summary:
assistant
<think>

</think>

Devastating blizzards have forced the evacuation of thousands of people in a largely Muslim region of western China.","Summary:
assistant
<think>

</think>

Devastating blizzards have forced the evacuation of thousands of people in a largely Muslim region of western China.",94,51,145,0.48527706824825145,0.24933150234789514,0.24933150234789514,0.08775163453270597,0.22548630709265782
"new zealand and sri lanka have an eye on future targets going into their fourth one-day international here friday , with new zealand having already wrapped up the five-match series .",new zealand sri lanka looks to future goals,"<think>

</think>

New Zealand and Sri Lanka are focused on future targets as they begin their fourth one-day international, with New Zealand having already completed the five-match series.","<think>

</think>

New Zealand and Sri Lanka are focused on future targets as they begin their fourth one-day international, with New Zealand having already completed the five-match series.",100,45,145,0.48527706824825145,0.24933150234789514,0.24933150234789514,0.08775163453270597,0.22548630709265782
"gunmen shot dead seven tribesmen thursday in a restive tribal region along the pakistan-afghanistan border where the military is hunting al-qaeda-linked militants , officials said .",seven tribesmen shot dead in pakistani tribal area,"<think>

</think>

Seven tribesmen were killed by gunmen Thursday in a restive border region between Pakistan and Afghanistan, where military forces are currently hunting al-Qaeda-linked militants.","<think>

</think>

Seven tribesmen were killed by gunmen Thursday in a restive border region between Pakistan and Afghanistan, where military forces are currently hunting al-Qaeda-linked militants.",100,45,145,0.48527706824825145,0.24933150234789514,0.24933150234789514,0.08775163453270597,0.22548630709265782
"thailand will discuss lifting its ban on us beef , imposed two years ago over mad cow fears , when negotiators from the two nations meet next week for free trade talks , health officials said thursday .",thailand may lift ban on us beef,"Thai health officials stated that the two nations will discuss lifting the two-year-old ban on US beef, imposed due to mad cow fears, during upcoming free trade negotiations.","Thai health officials stated that the two nations will discuss lifting the two-year-old ban on US beef, imposed due to mad cow fears, during upcoming free trade negotiations.",104,41,145,0.48527706824825145,0.24933150234789514,0.24933150234789514,0.08775163453270597,0.22548630709265782
"floods , typhoons and other natural disasters killed #,### people in china last year , the highest casualty figure since #### , a top government official said thursday .","natural disasters claim #,### lives in china in #### four-year high","assistant
<think>

</think>

A top Chinese government official stated that floods, typhoons, and other natural disasters caused the highest number of casualties since 2008, killing thousands of people last year.","assistant
<think>

</think>

A top Chinese government official stated that floods, typhoons, and other natural disasters caused the highest number of casualties since 2008, killing thousands of people last year.",99,46,145,0.48527706824825145,0.24933150234789514,0.24933150234789514,0.08775163453270597,0.22548630709265782
australian fast bowler glenn mcgrath was facing his sixth disciplinary hearing in eight years thursday after being reported by the match umpires in the third test against south africa here .,mcgrath reported for obscene behavior in third test,"</think>

Australian fast bowler Glenn McGrath faced his sixth disciplinary hearing in eight years on Thursday after being reported by match umpires during the third Test against South Africa.","</think>

Australian fast bowler Glenn McGrath faced his sixth disciplinary hearing in eight years on Thursday after being reported by match umpires during the third Test against South Africa.",102,43,145,0.48527706824825145,0.24933150234789514,0.24933150234789514,0.08775163453270597,0.22548630709265782
"australian share prices closed #.## percent lower thursday as investors took some modest profits after a series of record breaking performances , dealers said .",australian shares slip on profit-taking,"Summary:
assistant
<think>

</think>

Australian share prices fell slightly on Thursday as investors took modest profits following a series of record-breaking performances.","Summary:
assistant
<think>

</think>

Australian share prices fell slightly on Thursday as investors took modest profits following a series of record-breaking performances.",93,52,145,0.48527706824825145,0.24933150234789514,0.24933150234789514,0.08775163453270597,0.22548630709265782
"another cambodian rights activist was charged thursday with defaming prime minister hun sen , as critics warned the country would become a pariah state if it continued to crush dissent .",third cambodian rights activist charged with defaming pm hun sen,"assistant
<think>

</think>

A Cambodian rights activist was charged with defaming Prime Minister Hun Sen, prompting critics to warn that the country risks becoming a pariah state for suppressing dissent.","assistant
<think>

</think>

A Cambodian rights activist was charged with defaming Prime Minister Hun Sen, prompting critics to warn that the country risks becoming a pariah state for suppressing dissent.",98,47,145,0.48527706824825145,0.24933150234789514,0.24933150234789514,0.08775163453270597,0.22548630709265782
the netherlands was gifted a berth in the final of the hopman cup mixed teams tennis tournament on thursday after german star nicolas kiefer pulled out of their group b tie here with back spasms .,netherlands reach hopman cup final after kiefer pulls out,The Netherlands advanced to the Hopman Cup final after German player Nicolas Kiefer withdrew from their match due to back spasms.,The Netherlands advanced to the Hopman Cup final after German player Nicolas Kiefer withdrew from their match due to back spasms.,105,40,145,0.48527706824825145,0.24933150234789514,0.24933150234789514,0.08775163453270597,0.22548630709265782
"the dollar regained some lost ground in asian trade thursday in what was seen as a largely technical rebound after weakness prompted by expectations of a shift in us interest rate policy , dealers said .",dollar regains ground but remains under pressure in asian trade,"<think>

</think>

The dollar recovered some losses in Asian trade on Thursday, marking a technical rebound following earlier weakness driven by expectations of a shift in U.S. interest rate policy.","<think>

</think>

The dollar recovered some losses in Asian trade on Thursday, marking a technical rebound following earlier weakness driven by expectations of a shift in U.S. interest rate policy.",100,45,145,0.48527706824825145,0.24933150234789514,0.24933150234789514,0.08775163453270597,0.22548630709265782
"japanese share prices rose #.## percent thursday to UNK highest closing high for more than five years as fresh gains on wall street fanned upbeat investor sentiment , dealers said .",tokyo shares close up #.## percent,".

Summary:
assistant
<think>

</think>

Japanese share prices rose to their highest level in over five years on Thursday, driven by positive investor sentiment following gains on Wall Street.",".

Summary:
assistant
<think>

</think>

Japanese share prices rose to their highest level in over five years on Thursday, driven by positive investor sentiment following gains on Wall Street.",100,52,152,0.4790159449366911,0.24933150234789514,0.24933150234789514,0.08775163453270597,0.22548630709265782
"former world number four jelena dokic has been forced out of next week 's canberra international with an adductor injury which was aggravated in auckland this week , organisers said thursday .",injured dokic out of canberra international,"Summary:
assistant
<think>

</think>

Jelena Dokic, a former world number four, has been ruled out of the upcoming Canberra International due to an aggravated adductor injury sustained in Auckland.","Summary:
assistant
<think>

</think>

Jelena Dokic, a former world number four, has been ruled out of the upcoming Canberra International due to an aggravated adductor injury sustained in Auckland.",102,50,152,0.4790159449366911,0.24933150234789514,0.24933150234789514,0.08775163453270597,0.22548630709265782
rain forced the fourth day 's play to be abandoned at #:## pm -lrb- #### gmt -rrb- in the third test between australia and south africa at the sydney cricket ground on thursday .,play abandoned for the day in third test due to rain,"<think>

</think>

Rain caused the abandonment of the fourth day of the third Test match between Australia and South Africa at the Sydney Cricket Ground.","<think>

</think>

Rain caused the abandonment of the fourth day of the third Test match between Australia and South Africa at the Sydney Cricket Ground.",108,44,152,0.4790159449366911,0.24933150234789514,0.24933150234789514,0.08775163453270597,0.22548630709265782
"the death toll from flash floods that devastated villages in indonesia 's east java province has risen to ## , police said thursday .",indonesian flood death toll rises to ##,"java province has risen to ## , police said thursday .

Summary:
assistant
<think>

</think>

Police reported that the death toll from flash floods in East Java, Indonesia, has risen to an unspecified number.","java province has risen to ## , police said thursday .

Summary:
assistant
<think>

</think>

Police reported that the death toll from flash floods in East Java, Indonesia, has risen to an unspecified number.",89,63,152,0.4790159449366911,0.24933150234789514,0.24933150234789514,0.08775163453270597,0.22548630709265782
lebanese newspapers warned thursday that israel faced a period of political turmoil with prime minister ariel sharon fighting for his life after suffering a massive brain hemorrhage .,lebanon warns of strife with sharon at death 's door,"brain hemorrhage .

Summary:
assistant
<think>

</think>

Lebanese newspapers warned that Israel faces political turmoil as Prime Minister Ariel Sharon battles for his life following a massive brain hemorrhage.","brain hemorrhage .

Summary:
assistant
<think>

</think>

Lebanese newspapers warned that Israel faces political turmoil as Prime Minister Ariel Sharon battles for his life following a massive brain hemorrhage.",97,55,152,0.4790159449366911,0.24933150234789514,0.24933150234789514,0.08775163453270597,0.22548630709265782
"a second person has died from bird flu at a hospital in eastern turkey , a doctor there said thursday .",turkey reports second death from bird flu,"bird flu at a hospital in eastern turkey , a doctor there said thursday .

Summary:
assistant
<think>

</think>

A doctor in eastern Turkey reported a second death from bird flu at a local hospital on Thursday.","bird flu at a hospital in eastern turkey , a doctor there said thursday .

Summary:
assistant
<think>

</think>

A doctor in eastern Turkey reported a second death from bird flu at a local hospital on Thursday.",85,67,152,0.4790159449366911,0.24933150234789514,0.24933150234789514,0.08775163453270597,0.22548630709265782
"vince young scampered eight yards for a touchdown with ## seconds left , lifting second-ranked texas to a ##-## win over usc to give the longhorns their first national championship since #### .",longhorns lasso usc to win first national title in ## years,"Summary:
assistant
<think>

</think>

Vince Young scored a touchdown with seconds remaining, leading second-ranked Texas to a victory over USC and securing the Longhorns' first national championship since 1969.","Summary:
assistant
<think>

</think>

Vince Young scored a touchdown with seconds remaining, leading second-ranked Texas to a victory over USC and securing the Longhorns' first national championship since 1969.",102,50,152,0.4790159449366911,0.24933150234789514,0.24933150234789514,0.08775163453270597,0.22548630709265782
"the final results of iraq 's december general elections are due within the next four days , a member of the iraqi electoral commission said on thursday .",iraqi election final results out within four days,"said on thursday .

Summary:
assistant
<think>

</think>

Iraqi electoral commission member states final results of December general elections expected within four days.","said on thursday .

Summary:
assistant
<think>

</think>

Iraqi electoral commission member states final results of December general elections expected within four days.",96,56,152,0.4790159449366911,0.24933150234789514,0.24933150234789514,0.08775163453270597,0.22548630709265782
israeli deputy prime minister ehud olmert was chairing an emergency cabinet meeting thursday as prime minister ariel sharon was battling for his life in a jerusalem hospital .,olmert chairs emergency israeli cabinet meeting,".

Summary:
assistant
<think>

</think>

Israeli Deputy Prime Minister Ehud Olmert chaired an emergency cabinet meeting on Thursday while Prime Minister Ariel Sharon fought for his life in a Jerusalem hospital.",".

Summary:
assistant
<think>

</think>

Israeli Deputy Prime Minister Ehud Olmert chaired an emergency cabinet meeting on Thursday while Prime Minister Ariel Sharon fought for his life in a Jerusalem hospital.",100,52,152,0.4790159449366911,0.24933150234789514,0.24933150234789514,0.08775163453270597,0.22548630709265782
hopman cup director paul mcnamee has given the electronic `` hawk-eye '' line-calling system the thumbs up after it was used for the first time in an elite-level event here this week .,hopman cup boss gives hawk-eye a nod and a wink,":
assistant
<think>

</think>

Hopman Cup director Paul McNamee has approved the use of the electronic ""Hawk-Eye"" line-calling system after its debut at an elite-level event.",":
assistant
<think>

</think>

Hopman Cup director Paul McNamee has approved the use of the electronic ""Hawk-Eye"" line-calling system after its debut at an elite-level event.",103,49,152,0.4790159449366911,0.24933150234789514,0.24933150234789514,0.08775163453270597,0.22548630709265782
israel 's media declared an end thursday to the tumultuous ariel sharon era as the prime minister lay fighting for his life after suffering a massive brain UNK .,israeli media declare end to sharon era,"K .

Summary:
assistant
<think>

</think>

Israel's media announced the end of Ariel Sharon's tumultuous era as the former prime minister fought for his life following a massive brain hemorrhage.","K .

Summary:
assistant
<think>

</think>

Israel's media announced the end of Ariel Sharon's tumultuous era as the former prime minister fought for his life following a massive brain hemorrhage.",99,53,152,0.4790159449366911,0.24933150234789514,0.24933150234789514,0.08775163453270597,0.22548630709265782
"the philippine government said thursday it wants a `` swift resolution '' of journalists ' murders , after a global press watchdog said the country was the world 's deadliest place for journalists next to iraq in #### .",philippines vows swift resolution of press murders,"assistant
<think>

</think>

The Philippine government called for a swift resolution to journalists' murders after a global press watchdog ranked the country as the world's deadliest for journalists, second only to Iraq.","assistant
<think>

</think>

The Philippine government called for a swift resolution to journalists' murders after a global press watchdog ranked the country as the world's deadliest for journalists, second only to Iraq.",107,45,152,0.4790159449366911,0.24933150234789514,0.24933150234789514,0.08775163453270597,0.22548630709265782
"south korea is to build up its submarine fleet by increasing the number of vessels and boosting their capability , the defense ministry said thursday .",south korea to build up submarine fleet,"their capability , the defense ministry said thursday .

Summary:
assistant
<think>

</think>

South Korea plans to expand and enhance its submarine fleet, according to the Defense Ministry.","their capability , the defense ministry said thursday .

Summary:
assistant
<think>

</think>

South Korea plans to expand and enhance its submarine fleet, according to the Defense Ministry.",91,61,152,0.4790159449366911,0.24933150234789514,0.24933150234789514,0.08775163453270597,0.22548630709265782
"basf , the world 's biggest chemicals company , prefers that its planned takeover of us firm engelhard was a friendly rather than a hostile move , basf chairman juergen hambrecht said in a newspaper interview published on thursday .",basf prefers friendly takeover of us firm engelhard,"</think>

BasF Chairman Juergen Hambrecht stated that the company prefers its planned takeover of US firm Engelhard to be friendly rather than hostile.","</think>

BasF Chairman Juergen Hambrecht stated that the company prefers its planned takeover of US firm Engelhard to be friendly rather than hostile.",110,42,152,0.4790159449366911,0.24933150234789514,0.24933150234789514,0.08775163453270597,0.22548630709265782
"dubai came to a halt on thursday as the emirate prepared for the funeral of its ruler sheikh maktoum bin rashed al-maktoum , who died wednesday of natural causes while on a visit to australia .",dubai to bury uae vice president maktoum,"Dubai halted operations on Thursday to prepare for the funeral of Sheikh Maktoum bin Rashed al-Maktoum, who died of natural causes in Australia.","Dubai halted operations on Thursday to prepare for the funeral of Sheikh Maktoum bin Rashed al-Maktoum, who died of natural causes in Australia.",113,39,152,0.4790159449366911,0.24933150234789514,0.24933150234789514,0.08775163453270597,0.22548630709265782
"retail sales in germany fell in november , underlining the ongoing fragility of consumer sentiment in the eurozone 's biggest economy , data showed on thursday .",german retail sales down in november,"showed on thursday .

Summary:
assistant
<think>

</think>

German retail sales fell in November, highlighting persistent consumer sentiment fragility in the eurozone's largest economy.","showed on thursday .

Summary:
assistant
<think>

</think>

German retail sales fell in November, highlighting persistent consumer sentiment fragility in the eurozone's largest economy.",96,56,152,0.4790159449366911,0.24933150234789514,0.24933150234789514,0.08775163453270597,0.22548630709265782
"international aid agencies on thursday stepped up appeals for urgent intervention in drought-hit northern kenya , warning of mass starvation in the region where at least ## people have already died of hunger and related illness amid fears of a major famine .",aid groups sound famine disaster warning for northern kenya,"International aid agencies urgently appealed for intervention in drought-stricken northern Kenya on Thursday, warning of mass starvation after at least ## people have already died from hunger and related illnesses amid fears of a major famine.","International aid agencies urgently appealed for intervention in drought-stricken northern Kenya on Thursday, warning of mass starvation after at least ## people have already died from hunger and related illnesses amid fears of a major famine.",109,43,152,0.5098101495095761,0.24933150234789514,0.24933150234789514,0.08775163453270597,0.22548630709265782
"american skeleton coach tim nardiello wo n't travel with his athletes to a competition in europe next week , the new york times reported on wednesday .",american skeleton coach wo n't travel with team,"wednesday .

Summary:
assistant
<think>

</think>

New York Times reported that American skeleton coach Tim Nardiello will not travel to a European competition next week with his athletes.","wednesday .

Summary:
assistant
<think>

</think>

New York Times reported that American skeleton coach Tim Nardiello will not travel to a European competition next week with his athletes.",94,58,152,0.5098101495095761,0.24933150234789514,0.24933150234789514,0.08775163453270597,0.22548630709265782
"britain 's top swimming coach bill sweetenham , who was cleared by an independent investigation of bullying members of the british team , still has questions to answer his employers when he returns at the end of the month .",cleared UNK facing another grilling from british swim bosses,"</think>

Despite being cleared of bullying charges by an independent investigation, British swimming coach Bill Sweetenham must still answer questions from his employers upon his return at the end of the month.","</think>

Despite being cleared of bullying charges by an independent investigation, British swimming coach Bill Sweetenham must still answer questions from his employers upon his return at the end of the month.",107,45,152,0.5098101495095761,0.24933150234789514,0.24933150234789514,0.08775163453270597,0.22548630709265782
"israeli prime minister ariel sharon remains in a serious but stable condition after undergoing surgery following a massive brain hemorrhage , a hospital spokesman said thursday .",sharon still in serious condition after surgery,".

Summary:
assistant
<think>

</think>

Israeli Prime Minister Ariel Sharon is in serious but stable condition following surgery for a massive brain hemorrhage.",".

Summary:
assistant
<think>

</think>

Israeli Prime Minister Ariel Sharon is in serious but stable condition following surgery for a massive brain hemorrhage.",96,56,152,0.5098101495095761,0.24933150234789514,0.24933150234789514,0.08775163453270597,0.22548630709265782

metric,value
task,summarization
strategy,cot
model,qwen3_5_9b
dataset,gigaword
num_samples,100
acc,0.24933150234789514
rouge1,0.24933150234789514
rouge2,0.08775163453270597
rougeL,0.22548630709265782
metric_backend,rouge_score
total_input_tokens,9960
total_output_tokens,4776
total_tokens,14736
total_runtime_sec,46.56956583401188
avg_input_tokens,99.6
avg_output_tokens,47.76
avg_total_tokens,147.36
avg_runtime_sec,0.46569565834011883
